{
  "summary": {
    "LogReg (flat)": {
      "accuracy": {
        "mean": 0.9891956782713084,
        "std": 0.0020404239750271467
      },
      "balanced_accuracy": {
        "mean": 0.9874497163486333,
        "std": 0.0030432955829600684
      },
      "f1": {
        "mean": 0.9930203154188328,
        "std": 0.0013197262674891803
      },
      "precision": {
        "mean": 0.9954424211253297,
        "std": 0.0016733943788783123
      },
      "recall": {
        "mean": 0.9906137184115524,
        "std": 0.0020987096389247792
      },
      "auroc": {
        "mean": 0.998860145141089,
        "std": 0.00041714620699488805
      }
    },
    "GCN (Ravasio)": {
      "accuracy": {
        "mean": 0.7539815926370548,
        "std": 0.03855550004114176
      },
      "balanced_accuracy": {
        "mean": 0.5373033780299123,
        "std": 0.04378626931219817
      },
      "f1": {
        "mean": 0.851765884801815,
        "std": 0.036636920759491556
      },
      "precision": {
        "mean": 0.7929187878461974,
        "std": 0.021311596832629898
      },
      "recall": {
        "mean": 0.9299638989169674,
        "std": 0.10259232547543917
      },
      "auroc": {
        "mean": 0.6451523244676933,
        "std": 0.011670514282056125
      }
    },
    "GAT (Ravasio best)": {
      "accuracy": {
        "mean": 0.752140856342537,
        "std": 0.029150335464406235
      },
      "balanced_accuracy": {
        "mean": 0.622730144404332,
        "std": 0.0751254100971665
      },
      "f1": {
        "mean": 0.8407728417687934,
        "std": 0.030067463162073028
      },
      "precision": {
        "mean": 0.835636502983568,
        "std": 0.04324300735488214
      },
      "recall": {
        "mean": 0.8572460030943786,
        "std": 0.09620283058148593
      },
      "auroc": {
        "mean": 0.7900149193251308,
        "std": 0.030327688098815184
      }
    },
    "Sheaf (ours)": {
      "accuracy": {
        "mean": 0.9833533413365346,
        "std": 0.002649531069587352
      },
      "balanced_accuracy": {
        "mean": 0.9808909231562662,
        "std": 0.006703562128774486
      },
      "f1": {
        "mean": 0.989229990174274,
        "std": 0.0017165109991833978
      },
      "precision": {
        "mean": 0.9931805562720554,
        "std": 0.004809507076887846
      },
      "recall": {
        "mean": 0.9853532748839609,
        "std": 0.004995928226224804
      },
      "auroc": {
        "mean": 0.9982379540263759,
        "std": 0.0006516759632859917
      }
    }
  },
  "folds": {
    "LogReg (flat)": [
      {
        "accuracy": 0.990796318527411,
        "balanced_accuracy": 0.9883541774110366,
        "f1": 0.9940614510715208,
        "precision": 0.9953464322647363,
        "recall": 0.9927797833935018,
        "auroc": 0.9992323915125617
      },
      {
        "accuracy": 0.9863945578231292,
        "balanced_accuracy": 0.9817077101598762,
        "f1": 0.9912235415591121,
        "precision": 0.9922480620155039,
        "recall": 0.9902011346054668,
        "auroc": 0.998075222868931
      },
      {
        "accuracy": 0.9899959983993597,
        "balanced_accuracy": 0.9897434244455905,
        "f1": 0.9935316946959897,
        "precision": 0.9968847352024922,
        "recall": 0.9902011346054668,
        "auroc": 0.9991508877919398
      },
      {
        "accuracy": 0.9871948779511804,
        "balanced_accuracy": 0.9873033780299123,
        "f1": 0.9917098445595854,
        "precision": 0.9963560645497137,
        "recall": 0.9871067560598247,
        "auroc": 0.999029322920504
      },
      {
        "accuracy": 0.9915966386554622,
        "balanced_accuracy": 0.990139891696751,
        "f1": 0.9945750452079566,
        "precision": 0.9963768115942029,
        "recall": 0.9927797833935018,
        "auroc": 0.9988129006115081
      }
    ],
    "GCN (Ravasio)": [
      {
        "accuracy": 0.7783113245298119,
        "balanced_accuracy": 0.5059921351211965,
        "f1": 0.8749435665914221,
        "precision": 0.7780008028904054,
        "recall": 0.999484270242393,
        "auroc": 0.656708631105872
      },
      {
        "accuracy": 0.7611044417767107,
        "balanced_accuracy": 0.5711030170190821,
        "f1": 0.856040511212925,
        "precision": 0.8038949275362319,
        "recall": 0.9154203197524498,
        "auroc": 0.6448767774257718
      },
      {
        "accuracy": 0.7763105242096838,
        "balanced_accuracy": 0.5008928571428571,
        "f1": 0.8740139734054542,
        "precision": 0.7762209767814251,
        "recall": 1.0,
        "auroc": 0.6592619538790245
      },
      {
        "accuracy": 0.6778711484593838,
        "balanced_accuracy": 0.6070010314595152,
        "f1": 0.779874213836478,
        "precision": 0.830034924330617,
        "recall": 0.7354306343476018,
        "auroc": 0.6360601009356811
      },
      {
        "accuracy": 0.7763105242096838,
        "balanced_accuracy": 0.5015278494069108,
        "f1": 0.8739571589627959,
        "precision": 0.7764423076923077,
        "recall": 0.999484270242393,
        "auroc": 0.6288541589921167
      }
    ],
    "GAT (Ravasio best)": [
      {
        "accuracy": 0.7278911564625851,
        "balanced_accuracy": 0.5770048994326973,
        "f1": 0.8290598290598291,
        "precision": 0.8087297694948504,
        "recall": 0.850438370293966,
        "auroc": 0.7390319936638916
      },
      {
        "accuracy": 0.7707082833133253,
        "balanced_accuracy": 0.5239524239298607,
        "f1": 0.8679419221018668,
        "precision": 0.7845833333333333,
        "recall": 0.9711191335740073,
        "auroc": 0.8176655860900316
      },
      {
        "accuracy": 0.7891156462585034,
        "balanced_accuracy": 0.591693527591542,
        "f1": 0.874792112140651,
        "precision": 0.8110132158590309,
        "recall": 0.9494584837545126,
        "auroc": 0.8207033264569366
      },
      {
        "accuracy": 0.7635054021608644,
        "balanced_accuracy": 0.7098085353274884,
        "f1": 0.8411717280300994,
        "precision": 0.878226711560045,
        "recall": 0.8071170706549768,
        "auroc": 0.7978735356958668
      },
      {
        "accuracy": 0.709483793517407,
        "balanced_accuracy": 0.7111913357400722,
        "f1": 0.7908986175115207,
        "precision": 0.8956294846705806,
        "recall": 0.7080969571944301,
        "auroc": 0.7748001547189273
      }
    ],
    "Sheaf (ours)": [
      {
        "accuracy": 0.9799919967987195,
        "balanced_accuracy": 0.9680569881382155,
        "f1": 0.9871399176954733,
        "precision": 0.9846074910210364,
        "recall": 0.9896854048478597,
        "auroc": 0.9971234251823473
      },
      {
        "accuracy": 0.9859943977591037,
        "balanced_accuracy": 0.9865297833935018,
        "f1": 0.9909255898366606,
        "precision": 0.9963503649635036,
        "recall": 0.9855595667870036,
        "auroc": 0.9981010093568113
      },
      {
        "accuracy": 0.9843937575030012,
        "balanced_accuracy": 0.9835933470861269,
        "f1": 0.9898937548587717,
        "precision": 0.9947916666666666,
        "recall": 0.9850438370293966,
        "auroc": 0.9990348485964783
      },
      {
        "accuracy": 0.9803921568627451,
        "balanced_accuracy": 0.9854596441464673,
        "f1": 0.9872229465449804,
        "precision": 0.9984177215189873,
        "recall": 0.9762764311500773,
        "auroc": 0.9987143593899653
      },
      {
        "accuracy": 0.9859943977591037,
        "balanced_accuracy": 0.9808148530170191,
        "f1": 0.9909677419354839,
        "precision": 0.9917355371900827,
        "recall": 0.9902011346054668,
        "auroc": 0.9982161276062771
      }
    ]
  },
  "fold_info": [
    {
      "fold": 0,