{
  "results": {
    "LogReg (flat)": {
      "line_auroc": 0.4114285714285715,
      "line_ap": 0.7113307064675838,
      "line_bacc": 0.6228571428571428,
      "line_scores": {
        "AU565": 0.9966149237075925,
        "BT20": 0.834119337686214,
        "BT474": 0.9536490679719873,
        "BT483": 0.7480940522607267,
        "BT549": 0.7181291140580431,
        "CAL51": 0.8986457506268464,
        "CAL851": 0.9999477690037205,
        "CAMA1": 0.767853412322847,
        "DU4475": 0.9999999993942963,
        "EFM19": 0.8073793369804514,
        "EVSAT": 0.9643688376668905,
        "HCC1143": 0.5010486985374694,
        "HCC1187": 0.9444659497761677,
        "HCC1500": 0.9999896957776798,
        "HCC1937": 0.9702111761631571,
        "HCC1954": 0.9297254298955225,
        "HCC38": 0.9295420877670996,
        "HCC70": 0.9999771647038784,
        "HDQP1": 0.9998110313296928,
        "HS578T": 0.8197236017002268,
        "JIMT1": 0.4211384649250668,
        "KPL1": 0.034065590762368606,
        "MCF12A": 0.9974530977277503,
        "MCF7": 0.011943639046237218,
        "MDAMB361": 0.9479669852658448,
        "MDAMB415": 0.9997401513787928,
        "MDAMB436": 0.753131795211152,
        "MDAMB453": 0.6482776654962347,
        "MDAMB468": 0.8305967026729043,
        "MX1": 0.9298542200620519,
        "T47D": 0.6371941081727542,
        "ZR751": 0.9934522551933446
      }
    },
    "GCN (Ravasio)": {
      "line_auroc": 0.52,
      "line_ap": 0.7634574020560911,
      "line_bacc": 0.5514285714285714,
      "line_scores": {
        "AU565": 0.564061826467514,
        "BT20": 0.5358597457408905,
        "BT474": 0.5460721015930176,
        "BT483": 0.5535356998443604,
        "BT549": 0.5861613392829895,
        "CAL51": 0.5169818103313446,
        "CAL851": 0.6965146422386169,
        "CAMA1": 0.5405607223510742,
        "DU4475": 0.8933278560638428,
        "EFM19": 0.5884005546569824,
        "EVSAT": 0.5199216425418853,
        "HCC1143": 0.5370473027229309,
        "HCC1187": 0.6205090999603271,
        "HCC1500": 0.5571399450302124,
        "HCC1937": 0.5681531012058259,
        "HCC1954": 0.5485582888126374,
        "HCC38": 0.597177529335022,
        "HCC70": 0.6312668085098266,
        "HDQP1": 0.5471890807151795,
        "HS578T": 0.4992192298173904,
        "JIMT1": 0.5159953534603119,
        "KPL1": 0.4954970717430115,
        "MCF12A": 0.695939302444458,
        "MCF7": 0.5464282035827637,
        "MDAMB361": 0.5548379182815552,
        "MDAMB415": 0.5780277132987977,
        "MDAMB436": 0.5881635665893554,
        "MDAMB453": 0.5171441674232483,
        "MDAMB468": 0.5408284425735473,
        "MX1": 0.6619881987571716,
        "T47D": 0.5723920702934265,
        "ZR751": 0.5488225042819976
      }
    },
    "GAT (Ravasio best)": {
      "line_auroc": 0.5428571428571428,
      "line_ap": 0.7988255225540609,
      "line_bacc": 0.5028571428571429,
      "line_scores": {
        "AU565": 0.5690500557422637,
        "BT20": 0.5912375569343566,
        "BT474": 0.5404522836208343,
        "BT483": 0.5236550033092499,
        "BT549": 0.532557237148285,
        "CAL51": 0.4759566903114319,
        "CAL851": 0.8844061255455017,
        "CAMA1": 0.5250048756599426,
        "DU4475": 0.6648908346891403,
        "EFM19": 0.48695407509803773,
        "EVSAT": 0.5971877701580525,
        "HCC1143": 0.5816373467445374,
        "HCC1187": 0.5245621219277382,
        "HCC1500": 0.512069433927536,
        "HCC1937": 0.5399019479751587,
        "HCC1954": 0.5918549120426178,
        "HCC38": 0.6971291720867157,
        "HCC70": 0.4547230862081051,
        "HDQP1": 0.6632406115531921,
        "HS578T": 0.48355826660990714,
        "JIMT1": 0.4143861889839172,
        "KPL1": 0.516229921579361,
        "MCF12A": 0.7683680057525635,
        "MCF7": 0.4580068588256836,
        "MDAMB361": 0.46815763115882875,
        "MDAMB415": 0.4424180030822754,
        "MDAMB436": 0.5401932775974274,
        "MDAMB453": 0.5094435691833497,
        "MDAMB468": 0.5346473634243012,
        "MX1": 0.653086143732071,
        "T47D": 0.4356706619262695,
        "ZR751": 0.5215458571910858
      }
    },
    "Sheaf d8": {
      "line_auroc": 0.5828571428571429,
      "line_ap": 0.7941362710431361,
      "line_bacc": 0.6228571428571428,
      "line_scores": {
        "AU565": 0.7176262199878692,
        "BT20": 0.9186503529548645,
        "BT474": 0.744973647594452,
        "BT483": 0.7018220067024231,
        "BT549": 0.7150682806968689,
        "CAL51": 0.8549858570098877,
        "CAL851": 0.8957451939582824,
        "CAMA1": 0.46831087172031405,
        "DU4475": 0.5790870569646358,
        "EFM19": 0.6689785480499267,
        "EVSAT": 0.6939054727554321,
        "HCC1143": 0.7004546761512757,
        "HCC1187": 0.9628171682357788,
        "HCC1500": 0.7967414796352387,
        "HCC1937": 0.973327898979187,
        "HCC1954": 0.8549404919147492,
        "HCC38": 0.9125169038772583,
        "HCC70": 0.991099500656128,
        "HDQP1": 0.8808058023452758,
        "HS578T": 0.8699090480804443,
        "JIMT1": 0.7722594022750855,
        "KPL1": 0.32363345101475716,
        "MCF12A": 0.9950981736183167,
        "MCF7": 0.13351477310061455,
        "MDAMB361": 0.8467921376228332,
        "MDAMB415": 0.9201045393943786,
        "MDAMB436": 0.8226746022701263,
        "MDAMB453": 0.6325988233089447,
        "MDAMB468": 0.7421477615833283,
        "MX1": 0.7753956019878387,
        "T47D": 0.849628460407257,
        "ZR751": 0.8973751902580261
      }
    }
  },
  "lines": [
    "AU565",
    "BT20",
    "BT474",
    "BT483",
    "BT549",
    "CAL51",
    "CAL851",
    "CAMA1",
    "DU4475",
    "EFM19",
    "EVSAT",
    "HCC1143",
    "HCC1187",
    "HCC1500",
    "HCC1937",
    "HCC1954",
    "HCC38",
    "HCC70",
    "HDQP1",
    "HS578T",
    "JIMT1",
    "KPL1",
    "MCF12A",
    "MCF7",
    "MDAMB361",
    "MDAMB415",
    "MDAMB436",
    "MDAMB453",
    "MDAMB468",
    "MX1",
    "T47D",
    "ZR751"
  ],
  "y_line": [
    1,
    1,
    1,
    1,
    1,
    0,
    1,
    1,
    0,
    1,
    1,
    1,
    1,
    0,
    1,
    1,
    1,
    1,
    1,
    1,
    1,
    0,
    0,
    0,
    1,
    1,
    1,
    1,
    1,
    1,
    1,
    0
  ],
  "config": {
    "n_splits": 5,
    "n_repeats": 5,
    "threshold": 0.2,
    "seed": 42,
    "cap": 150,
    "npz": "data/preprocessed/gambardella_hvg100.npz"
  },
  "runtime_sec": 2211.475519180298
}